[
    {
        "title": "专场",
        "id": "01"
    },
    {
        "title": "App下单优惠菜品",
        "id": "02"
    },
    {
        "title": "热销",
        "id": "03"
    },
    {
        "title": "进店必看",
        "id": "04"
    }, 
    {
        "title": "特价产品",
        "id": "05"
    },
    {
        "title": "新鲜叶菜",
        "id": "06"
    },
    {
        "title": "豆豆专区",
        "id": "07"
    },
    {
        "title": "新鲜茄果",
        "id": "08"
    },
    {
        "title": "新鲜菌菇",
        "id": "09"
    },
    {
        "title": "农场蛋品",
        "id": "10"
    },
    {
        "title": "清美豆制品",
        "id": "10"
    }
] 