{
	"errno": 0,
	"data": [
		{
			"id": "19",
			"price": "23",
			"title": "咖喱脆皮鸡腿饭",
			"sales": "109",
			"img": "19.jpg",
			"num": "0"
		},
		{
			"id": "20",
			"price": "20",
			"title": "至尊脆皮鸡腿堡",
			"sales": "53",
			"img": "20.jpg",
			"num": "0"
		},
		{
			"id": "21",
			"price": "21",
			"title": "照烧鸡腿饭",
			"sales": "59",
			"img": "21.jpg",
			"num": "0"
		},
		{
			"id": "22",
			"price": "16",
			"title": "脆皮鸡腿堡",
			"sales": "81",
			"img": "22.jpg",
			"num": "0"
		},
		{
			"id": "23",
			"price": "23",
			"title": "酱烧肥牛饭",
			"sales": "75",
			"img": "23.jpg",
			"num": "0"
		}
	]
}