{
	"errno": 0,
	"data": [
		{
			"id": "24",
			"price": "10",
			"title": "香辣鸡翅（2块）",
			"sales": "198",
			"img": "24.jpg",
			"num": "0"
		},
		{
			"id": "25",
			"price": "11",
			"title": "土耳其风味烤翅",
			"sales": "95",
			"img": "25.jpg",
			"num": "0"
		},
		{
			"id": "26",
			"price": "12",
			"title": "魔法鸡块",
			"sales": "247",
			"img": "26.jpg",
			"num": "0"
		},
		{
			"id": "27",
			"price": "11",
			"title": "德克士鸡块（6块）",
			"sales": "162",
			"img": "27.jpg",
			"num": "0"
		},
		{
			"id": "28",
			"price": "10",
			"title": "孜然鸡柳",
			"sales": "170",
			"img": "28.jpg",
			"num": "0"
		},
		{
			"id": "29",
			"price": "12",
			"title": "咔滋薯霸",
			"sales": "236",
			"img": "29.jpg",
			"num": "0"
		}
	]
}