{
	"errno": 0,
	"data": [
		{
			"id": "31",
			"price": "9",
			"title": "幸福热奶茶",
			"sales": "20",
			"img": "31.jpg",
			"num": "0"
		},
		{
			"id": "32",
			"price": "7",
			"title": "热咖啡",
			"sales": "8",
			"img": "32.jpg",
			"num": "0"
		},
		{
			"id": "33",
			"price": "7",
			"title": "热果珍",
			"sales": "9",
			"img": "33.jpg",
			"num": "0"
		},
		{
			"id": "34",
			"price": "9",
			"title": "热牛奶",
			"sales": "17",
			"img": "34.jpg",
			"num": "0"
		}
	]
}