[
    {
        "title": "美食",
        "img": "01.webp",
        "id": 1
    },
    {
        "title": "美团超市",
        "img": "02.webp",
        "id": 2
    },
    {
        "title": "生鲜果蔬",
        "img": "03.webp",
        "id": 3
    },
    {
        "title": "甜点饮品",
        "img": "04.webp",
        "id": 4
    },
    {
        "title": "美团专送",
        "img": "05.webp",
        "id": 5
    }, 
    {
        "title": "正餐优选",
        "img": "06.webp",
        "id": 6
    }, 
    {
        "title": "元气早餐",
        "img": "07.webp",
        "id": 7
    }, 
    {
        "title": "汉堡披萨",
        "img": "08.webp",
        "id": 8
    }
]