[
    {
        "title": "全部",
        "id": 0
    },
    {
        "title": "地方菜",
        "id": 1
    },
    {
        "title": "香锅/烤鱼",
        "id": 2
    },
    {
        "title": "川湘菜",
        "id": 3
    },
    {
        "title": "东北菜",
        "id": 4
    },
    {
        "title": "北京菜",
        "id": 5
    },
    {
        "title": "西北菜",
        "id": 6
    },
    {
        "title": "特色菜",
        "id": 7
    },
    {
        "title": "港菜",
        "id": 8
    }
]