[
    {
        "title": "全部",
        "id": 10
    },
    {
        "title": "中式简餐",
        "id": 11
    },
    {
        "title": "米粉面馆",
        "id": 12
    },
    {
        "title": "卤味炸鸡",
        "id": 13
    },
    {
        "title": "地方小吃",
        "id": 14
    },
    {
        "title": "冒菜/麻辣烫",
        "id": 15
    },
    {
        "title": "饺子馄饨",
        "id": 16
    },
    {
        "title": "黄焖鸡米饭",
        "id": 17
    },
    {
        "title": "包子粥铺",
        "id": 18
    }
]